{
  "train_mse": 7345.241780025082,
  "test_mse": 13788.773498906563,
  "train_r2": 0.9343260109848165,
  "test_r2": 0.9268398283052197,
  "test_mae": 77.02789273437344,
  "model_type": "linear_regression"
}